Player	Team	Games	Position	TurnoverPct	ReboundPct	AssistPct	FieldGoalPct
Alex Abrines	OKC	68	ShootingGuard	8.3	4.5	5.5	39.300000000000004
Quincy Acy	TOT	38	PowerForward	9.7	11	4.9	41.199999999999996
Quincy Acy	DAL	6	PowerForward	9.8	9.7	0	29.4
Quincy Acy	BRK	32	PowerForward	9.6	11.1	5.4	42.5
Steven Adams	OKC	80	Center	16	14.2	5.4	57.099999999999994
Arron Afflalo	SAC	61	ShootingGuard	8.4	4.6	7.4	44
Alexis Ajinca	NOP	39	Center	13.7	16	3.1	50
Cole Aldrich	MIN	62	Center	15.1	17.4	6.4	52.300000000000004
LaMarcus Aldridge	SAS	72	PowerForward	7.7	12.7	9.9	47.699999999999996
Lavoy Allen	IND	61	PowerForward	13.7	14.2	9.1	45.800000000000004
Tony Allen	MEM	71	ShootingGuard	13.3	11.7	8.4	46.1
Al-Farouq Aminu	POR	61	SmallForward	15.2	14.1	7.9	39.300000000000004
Chris Andersen	CLE	12	Center	15.1	15	5.9	40.9
Alan Anderson	LAC	30	SmallForward	7.4	4.4	4.9	37.5
Justin Anderson	TOT	75	SmallForward	11.7	11.3	8.8	42.4
Justin Anderson	DAL	51	SmallForward	11.2	12.2	7.6	40.1
Justin Anderson	PHI	24	SmallForward	12.6	10.2	10.4	46.300000000000004
Kyle Anderson	SAS	72	ShootingGuard	14.3	11.5	12.4	44.5
Ryan Anderson	HOU	72	PowerForward	6.2	8.5	4.7	41.8
Giannis Antetokounmpo	MIL	80	SmallForward	13.3	14.3	26.6	52.1
Carmelo Anthony	NYK	74	SmallForward	9	9.3	14.5	43.3
Joel Anthony	SAS	19	Center	17	14.4	3.4	62.5
Trevor Ariza	HOU	80	SmallForward	8	9	8.8	40.9
Darrell Arthur	DEN	41	PowerForward	13.8	9.7	9.3	44.2
Omer Asik	NOP	31	Center	14.6	17.8	4.2	47.699999999999996
D.J. Augustin	ORL	78	PointGuard	13.3	4.1	20.4	37.7
Luke Babbitt	MIA	68	SmallForward	8	7.4	4.8	40.2
Ron Baker	NYK	52	ShootingGuard	19.2	6.2	17.3	37.8
Wade Baldwin	MEM	33	PointGuard	23.4	6.5	22.8	31.3
Leandro Barbosa	PHO	67	ShootingGuard	10.4	5.9	13	43.9
J.J. Barea	DAL	35	PointGuard	14.7	6.3	44.2	41.4
Harrison Barnes	DAL	79	PowerForward	6.8	8.2	7.8	46.800000000000004
Matt Barnes	TOT	74	SmallForward	17.3	12.4	15.6	39.1
Matt Barnes	SAC	54	SmallForward	16.8	12.5	16.2	38.4
Matt Barnes	GSW	20	SmallForward	19.3	12.2	13.7	42.199999999999996
Will Barton	DEN	60	ShootingGuard	11.5	8.4	17.7	44.3
Brandon Bass	LAC	52	PowerForward	11.4	12.5	5.7	57.49999999999999
Nicolas Batum	CHO	77	ShootingGuard	15	10.1	27.6	40.300000000000004
Jerryd Bayless	PHI	3	PointGuard	19.8	9.3	29.4	34.4
Aron Baynes	DET	75	Center	13.5	15.6	3.9	51.300000000000004
Kent Bazemore	ATL	73	SmallForward	13.6	6.5	14.2	40.9
Bradley Beal	WAS	77	ShootingGuard	9.6	5	16.2	48.199999999999996
Malik Beasley	DEN	22	ShootingGuard	9.4	5.7	10.2	45.2
Michael Beasley	MIL	56	PowerForward	12.7	12	9.9	53.2
Marco Belinelli	CHO	74	ShootingGuard	9.2	5.5	13.1	42.9
DeAndre' Bembry	ATL	38	SmallForward	13.2	8.7	11.5	48
Dragan Bender	PHO	43	PowerForward	16.2	9.7	5.5	35.4
Anthony Bennett	BRK	23	PowerForward	10	15.6	7.1	41.3
Ben Bentil	DAL	3	PowerForward	25	11.6	0	0
Davis Bertans	SAS	67	PowerForward	11.4	6.9	8.3	44
Patrick Beverley	HOU	67	ShootingGuard	14.6	10.4	18.8	42
Bismack Biyombo	ORL	81	Center	17.7	17.2	6	52.800000000000004
Nemanja Bjelica	MIN	65	PowerForward	13.4	12	9.6	42.4
Tarik Black	LAL	67	Center	14.5	17.1	5.3	51
Eric Bledsoe	PHO	66	PointGuard	15.3	8	31.1	43.4
Bojan Bogdanovic	TOT	81	SmallForward	12	7.2	8.7	44.5
Bojan Bogdanovic	BRK	55	SmallForward	11.8	7	10.1	44
Bojan Bogdanovic	WAS	26	SmallForward	12.4	7.5	5.2	45.7
Andrew Bogut	TOT	27	Center	33.4	21.7	12.3	46.9
Andrew Bogut	DAL	26	Center	33.4	21.7	12.3	46.9
Andrew Bogut	CLE	1	Center	NA	0	0	NA
Joel Bolomboy	UTA	12	PowerForward	9.7	18.5	6.3	56.3
Devin Booker	PHO	78	ShootingGuard	12.9	5	16.3	42.3
Trevor Booker	BRK	71	PowerForward	16.6	17.2	12.9	51.6
Avery Bradley	BOS	55	ShootingGuard	9.7	10.1	10.9	46.300000000000004
Corey Brewer	TOT	82	SmallForward	12.7	7.1	10.7	42.199999999999996
Corey Brewer	HOU	58	SmallForward	12.7	6.7	9	41.4
Corey Brewer	LAL	24	SmallForward	12.6	7.9	15	43.8
Malcolm Brogdon	MIL	75	ShootingGuard	14.1	6.3	24.3	45.7
Aaron Brooks	IND	65	PointGuard	17.2	4.3	20.7	40.300000000000004
Anthony Brown	TOT	11	SmallForward	10.7	11	7.6	36
Anthony Brown	NOP	9	SmallForward	10.9	9.6	5.9	34.1
Anthony Brown	ORL	2	SmallForward	10	23.8	23	44.4
Bobby Brown	HOU	25	PointGuard	7.6	2.7	17.6	38.3
Jaylen Brown	BOS	78	SmallForward	12.5	9.1	7.2	45.4
Nicolas Brussino	DAL	54	SmallForward	14.7	10.6	13.9	36.9
Reggie Bullock	DET	31	SmallForward	7.1	7.5	8.8	42.199999999999996
Trey Burke	WAS	57	PointGuard	15.2	3.8	20.7	45.5
Alec Burks	UTA	42	ShootingGuard	11	10.6	7.5	39.900000000000006
Jimmy Butler	CHI	76	SmallForward	9.3	9	24.8	45.5
Bruno Caboclo	TOR	9	SmallForward	11.1	14.1	15.1	37.5
Jose Calderon	TOT	41	PointGuard	22.7	7.5	23.3	41
Jose Calderon	LAL	24	PointGuard	24.8	7.9	24.7	41.6
Jose Calderon	ATL	17	PointGuard	19.9	7.1	21.6	40.400000000000006
Kentavious Caldwell-Pope	DET	76	ShootingGuard	7.9	5.3	11.2	39.900000000000006
Isaiah Canaan	CHI	39	ShootingGuard	9.6	4.5	9	36.4
Clint Capela	HOU	65	Center	12	18.5	6.9	64.3
DeMarre Carroll	TOR	72	SmallForward	8.3	8.3	5.7	40.1
Vince Carter	MEM	73	SmallForward	8.5	7.2	11.5	39.4
Michael Carter-Williams	CHI	45	PointGuard	16.3	9.7	20	36.6
Omri Casspi	TOT	36	SmallForward	14	10.1	8.6	46.7
Omri Casspi	SAC	22	SmallForward	11.9	13.1	10.1	45.300000000000004
Omri Casspi	NOP	1	SmallForward	18.2	4.4	0	55.60000000000001
Omri Casspi	MIN	13	SmallForward	19	5.3	6.8	48.699999999999996
Willie Cauley-Stein	SAC	75	Center	11.2	13.8	9.4	53
Tyson Chandler	PHO	47	Center	19.2	22.6	3.3	67.10000000000001
Wilson Chandler	DEN	71	SmallForward	10	11.5	9.8	46.1
Marquese Chriss	PHO	82	PowerForward	13.2	10.8	5.2	44.9
Rakeem Christmas	IND	29	PowerForward	12.5	14.4	2.5	44.2
Semaj Christon	OKC	64	PointGuard	15.4	5	18.1	34.5
Ian Clark	GSW	77	ShootingGuard	10.7	5.9	11.2	48.699999999999996
Jordan Clarkson	LAL	82	ShootingGuard	12.5	5.6	14.4	44.5
Norris Cole	OKC	13	PointGuard	11	4.9	16.3	30.8
Darren Collison	SAC	68	PointGuard	12.6	4.3	24.5	47.599999999999994
Nick Collison	OKC	20	PowerForward	13.1	13	13.2	60.9
Mike Conley	MEM	69	PointGuard	11.8	6	34.5	46
Pat Connaughton	POR	39	ShootingGuard	18.3	9.1	12.7	51.4
Quinn Cook	TOT	14	PointGuard	16	2	22.8	50
Quinn Cook	DAL	5	PointGuard	23.6	2.3	25.7	44
Quinn Cook	NOP	9	PointGuard	10.6	1.9	20.7	53.7
DeMarcus Cousins	TOT	72	Center	13.5	18.2	25.8	45.2
DeMarcus Cousins	SAC	55	Center	13.2	17.9	27.4	45.1
DeMarcus Cousins	NOP	17	Center	14.4	19.5	20.6	45.2
Robert Covington	PHI	67	SmallForward	13.9	11.3	7.5	39.900000000000006
Allen Crabbe	POR	79	ShootingGuard	8.1	5.5	6.1	46.800000000000004
Jamal Crawford	LAC	82	ShootingGuard	12.3	3.3	15.1	41.3
Jordan Crawford	NOP	19	ShootingGuard	9.8	4.1	22.7	48.199999999999996
Jae Crowder	BOS	72	SmallForward	8.8	9.9	10.1	46.300000000000004
Dante Cunningham	NOP	66	SmallForward	7	8.9	3.1	48.5
Seth Curry	DAL	70	PointGuard	11	5.1	15.9	48.1
Stephen Curry	GSW	79	PointGuard	13	7.3	31.1	46.800000000000004
Troy Daniels	MEM	67	ShootingGuard	8	4.8	6.6	37.4
Anthony Davis	NOP	75	Center	9.1	17.3	11.1	50.4
Deyonta Davis	MEM	36	Center	12.7	14.4	1.3	51.1
Ed Davis	POR	46	PowerForward	17.2	17.1	4.8	52.800000000000004
Dewayne Dedmon	SAS	76	Center	16.9	21.1	4.8	62.2
Sam Dekker	HOU	77	SmallForward	8.2	10.9	7.7	47.3
Malcolm Delaney	ATL	73	PointGuard	18.1	5.5	23.1	37.4
Matthew Dellavedova	MIL	76	PointGuard	18.8	4.3	25.7	39
Luol Deng	LAL	56	SmallForward	8.7	10.8	7	38.7
DeMar DeRozan	TOR	74	ShootingGuard	9	8.3	20.6	46.7
Cheick Diallo	NOP	17	PowerForward	7.6	19.3	3.2	47.4
Boris Diaw	UTA	73	PowerForward	20.3	7.1	20.3	44.6
Gorgui Dieng	MIN	82	PowerForward	12.7	14.2	8.6	50.2
Spencer Dinwiddie	BRK	59	PointGuard	15.1	6.5	20.3	44.4
Toney Douglas	MEM	24	PointGuard	13.9	8.9	22.2	36.8
Goran Dragic	MIA	73	PointGuard	14.1	6.3	29	47.5
Andre Drummond	DET	81	Center	12.5	25.3	5.9	53
Jared Dudley	PHO	64	PowerForward	16.1	9	12.5	45.4
Mike Dunleavy	TOT	53	SmallForward	10.5	7.5	8.6	42.3
Mike Dunleavy	CLE	23	SmallForward	12.5	7.1	7.5	40
Mike Dunleavy	ATL	30	SmallForward	9	7.9	9.5	43.8
Kris Dunn	MIN	78	PointGuard	20.8	7.3	19.4	37.7
Kevin Durant	GSW	62	SmallForward	10.4	13.6	23.1	53.7
Jarell Eddie	PHO	5	SmallForward	4.2	6.1	0	31.6
Henry Ellenson	DET	19	PowerForward	17.2	15.3	7.2	35.9
Wayne Ellington	MIA	62	ShootingGuard	5	4.9	7.1	41.6
Monta Ellis	IND	74	ShootingGuard	18	5.7	17.2	44.3
Joel Embiid	PHI	31	Center	17.9	17	16	46.6
James Ennis	MEM	64	SmallForward	13.8	9.9	6.5	45.5
Tyler Ennis	TOT	53	PointGuard	17	4.3	21.7	43.3
Tyler Ennis	HOU	31	PointGuard	26.9	5.3	24.5	39.1
Tyler Ennis	LAL	22	PointGuard	12	3.8	20.3	45.1
Tyreke Evans	TOT	40	SmallForward	12.9	9.5	25.9	40.5
Tyreke Evans	NOP	26	SmallForward	13.4	9.6	31.3	40.1
Tyreke Evans	SAC	14	SmallForward	12.2	9.4	17.7	41.3
Dante Exum	UTA	66	PointGuard	16.8	6.2	14.2	42.699999999999996
Kenneth Faried	DEN	61	PowerForward	10.4	19.7	6.3	54.800000000000004
Jordan Farmar	SAC	2	PointGuard	20	4.9	38.6	33.300000000000004
Derrick Favors	UTA	50	PowerForward	11.4	14.9	7.9	48.699999999999996
Kay Felder	CLE	42	PointGuard	14.7	5.9	22.7	39.2
Cristiano Felicio	CHI	66	Center	11.2	16.1	5.7	57.699999999999996
Raymond Felton	LAC	80	PointGuard	13.3	7.1	16.3	43
Yogi Ferrell	TOT	46	PointGuard	13.9	5.3	23.2	40.6
Yogi Ferrell	BRK	10	PointGuard	20	4.2	16.9	36.7
Yogi Ferrell	DAL	36	PointGuard	12.9	5.5	24.1	41.199999999999996
Dorian Finney-Smith	DAL	81	PowerForward	11.1	7.8	6	37.2
Bryn Forbes	SAS	36	ShootingGuard	9.8	4.6	11.7	36.4
Evan Fournier	ORL	68	ShootingGuard	11.8	5.1	14.8	43.9
Randy Foye	BRK	69	ShootingGuard	18.5	6.4	15.2	36.3
Tim Frazier	NOP	65	PointGuard	18	6	31.4	40.300000000000004
Channing Frye	CLE	74	Center	8.8	11.4	4.9	45.800000000000004
Danilo Gallinari	DEN	63	SmallForward	8.1	8.4	9.1	44.7
Langston Galloway	TOT	74	PointGuard	7.4	5.6	9.4	38
Langston Galloway	NOP	55	PointGuard	5.7	5.7	8.8	37.4
Langston Galloway	SAC	19	PointGuard	14.1	5.4	11.2	40.400000000000006
Patricio Garino	ORL	5	ShootingGuard	30	8.9	0	0
Marc Gasol	MEM	74	Center	11.3	10.4	24.8	45.9
Pau Gasol	SAS	64	Center	10.6	17.4	14.7	50.2
Rudy Gay	SAC	30	SmallForward	12.8	10.8	13.9	45.5
Michael Gbinije	DET	9	ShootingGuard	0	5.1	7.9	10
Alonzo Gee	DEN	13	SmallForward	18.2	9.3	8.2	21.4
Paul George	IND	75	SmallForward	12.6	10.3	16.1	46.1
Marcus Georges-Hunt	ORL	5	ShootingGuard	14.9	10.2	8.3	28.599999999999998
Jonathan Gibson	DAL	17	PointGuard	16.3	5.5	18.8	36.8
Taj Gibson	TOT	78	PowerForward	11.9	13.2	5.9	51.5
Taj Gibson	CHI	55	PowerForward	11.7	13.7	6.5	52.1
Taj Gibson	OKC	23	PowerForward	12.5	11.7	4.2	49.7
Manu Ginobili	SAS	69	ShootingGuard	16.5	6.9	20.8	39
Rudy Gobert	UTA	81	Center	15.1	21.8	5.7	66.2
Archie Goodwin	TOT	15	ShootingGuard	14.2	6.9	18.5	54.50000000000001
Archie Goodwin	NOP	3	ShootingGuard	0	0	4.5	40
Archie Goodwin	BRK	12	ShootingGuard	15.7	8.1	20.8	55.7
Aaron Gordon	ORL	80	SmallForward	8.5	9.6	10.5	45.4
Eric Gordon	HOU	75	ShootingGuard	10	4.7	12.3	40.6
Marcin Gortat	WAS	82	Center	13.7	18.7	6.8	57.9
Treveon Graham	CHO	27	ShootingGuard	6	6.4	4.7	47.5
Jerami Grant	TOT	80	SmallForward	10.1	7.4	4.2	46.300000000000004
Jerami Grant	PHI	2	SmallForward	12.8	9.4	0	35.3
Jerami Grant	OKC	78	SmallForward	9.9	7.4	4.3	46.9
Jerian Grant	CHI	63	PointGuard	11.7	5.8	17.3	42.5
Danny Green	SAS	68	ShootingGuard	14.1	7	9.6	39.2
Draymond Green	GSW	76	PowerForward	19.8	13.3	27.6	41.8
Gerald Green	BOS	47	SmallForward	9.1	8.8	9.8	40.9
JaMychal Green	MEM	77	PowerForward	14.1	14.8	6.3	50
Jeff Green	ORL	69	PowerForward	10.6	7.6	8.1	39.4
Blake Griffin	LAC	61	PowerForward	10.9	13.4	24.5	49.3
Justin Hamilton	BRK	64	Center	9.7	11.8	7.3	45.9
A.J. Hammons	DAL	22	Center	16.4	12.8	3.8	40.5
Tim Hardaway	ATL	79	ShootingGuard	9.5	5.7	14.3	45.5
James Harden	HOU	81	PointGuard	19.5	12.2	50.7	44
Maurice Harkless	POR	77	SmallForward	11.1	8.5	6	50.3
Justin Harper	PHI	3	PowerForward	25	8.9	10.5	41.699999999999996
Montrezl Harrell	HOU	58	Center	9.9	11.2	9.6	65.2
Devin Harris	DAL	65	PointGuard	12.5	6.8	20	39.900000000000006
Gary Harris	DEN	57	ShootingGuard	9.8	5.5	13.6	50.2
Joe Harris	BRK	52	ShootingGuard	12.5	6.8	7.3	42.5
Manny Harris	DAL	4	ShootingGuard	10.7	20.9	12.7	20
Tobias Harris	DET	82	PowerForward	7.6	8.8	8.8	48.1
Aaron Harrison	CHO	5	ShootingGuard	0	9.7	22.6	0
Andrew Harrison	MEM	72	PointGuard	16	5.3	20	32.5
Udonis Haslem	MIA	17	Center	21.3	15.3	6.4	47.8
Spencer Hawes	TOT	54	PowerForward	14	13.4	16.5	48.4
Spencer Hawes	CHO	35	PowerForward	14.7	12.8	16.1	47.699999999999996
Spencer Hawes	MIL	19	PowerForward	11.9	15.3	17.7	50.8
Gordon Hayward	UTA	73	SmallForward	9.4	9	18.2	47.099999999999994
Gerald Henderson	PHI	72	ShootingGuard	9	6.1	10.5	42.3
John Henson	MIL	58	Center	13	15.3	7.7	51.5
Juan Hernangomez	DEN	62	PowerForward	10.7	12.3	4.7	45.1
Willy Hernangomez	NYK	72	Center	16.1	20.4	11.5	52.900000000000006
Mario Hezonja	ORL	65	SmallForward	14.1	8.3	9.6	35.5
Roy Hibbert	TOT	48	Center	15.1	12.4	4.6	54.400000000000006
Roy Hibbert	CHO	42	Center	14.9	12.5	4.5	54.2
Roy Hibbert	DEN	6	Center	25	10	13.5	66.7
Buddy Hield	TOT	82	ShootingGuard	11.2	7.8	10.3	42.6
Buddy Hield	NOP	57	ShootingGuard	9	7.5	10.3	39.2
Buddy Hield	SAC	25	ShootingGuard	14.4	8.2	10.3	48
Nene Hilario	HOU	67	Center	13.1	12.8	8.6	61.7
George Hill	UTA	49	PointGuard	10.9	6.2	22.6	47.699999999999996
Jordan Hill	MIN	7	Center	22.4	17.4	0	38.5
Solomon Hill	NOP	80	SmallForward	13.3	6.8	8.1	38.4
Darrun Hilliard	DET	39	ShootingGuard	16.8	4.7	12.3	37.3
Jrue Holiday	NOP	67	PointGuard	16.7	6.4	35.9	45.300000000000004
Justin Holiday	NYK	82	ShootingGuard	10.3	7.4	9.2	43.3
Rondae Hollis-Jefferson	BRK	78	SmallForward	15.1	13.6	13.4	43.4
Richaun Holmes	PHI	57	Center	10.7	14.4	8.3	55.800000000000004
Rodney Hood	UTA	59	ShootingGuard	8.3	7.3	10.1	40.8
Al Horford	BOS	68	Center	11.9	11.8	24.4	47.3
Danuel House	WAS	1	ShootingGuard	NA	56.4	0	NA
Dwight Howard	ATL	74	Center	17.5	23.5	7.8	63.3
Marcelo Huertas	LAL	23	PointGuard	20.1	5.5	30.8	36.8
Josh Huestis	OKC	2	PowerForward	0	16.1	15.5	54.50000000000001
Kris Humphries	ATL	56	PowerForward	10.1	16.4	6.4	40.699999999999996
R.J. Hunter	CHI	3	ShootingGuard	0	6	0	0
Serge Ibaka	TOT	79	PowerForward	9.2	12.2	5.2	48
Serge Ibaka	ORL	56	PowerForward	8.2	12.2	5.9	48.8
Serge Ibaka	TOR	23	PowerForward	11.7	12.4	3.3	45.9
Andre Iguodala	GSW	76	SmallForward	11.2	8.3	16.7	52.800000000000004
Ersan Ilyasova	TOT	82	PowerForward	10.6	12.4	11	43.1
Ersan Ilyasova	OKC	3	PowerForward	20	14.3	2.2	37.5
Ersan Ilyasova	PHI	53	PowerForward	9.9	12	11.5	44
Ersan Ilyasova	ATL	26	PowerForward	11.8	13.1	10.6	41.199999999999996
Joe Ingles	UTA	82	SmallForward	18.2	7.6	17.1	45.2
Brandon Ingram	LAL	79	SmallForward	12.9	7.6	10.5	40.2
Kyrie Irving	CLE	72	PointGuard	10.3	5	29.7	47.3
Jarrett Jack	NOP	2	PointGuard	43.6	0	20.3	66.7
Demetrius Jackson	BOS	5	PointGuard	0	13.1	28.2	75
Pierre Jackson	DAL	8	PointGuard	6.7	6.2	38	33.300000000000004
Reggie Jackson	DET	52	PointGuard	13.4	4.3	30.3	41.9
LeBron James	CLE	74	SmallForward	16.1	12.6	41.3	54.800000000000004
Al Jefferson	IND	66	Center	6.1	16.8	11	49.9
Richard Jefferson	CLE	79	SmallForward	11.8	6.9	6.6	44.6
John Jenkins	PHO	4	ShootingGuard	0	4.2	11.5	40
Brandon Jennings	TOT	81	PointGuard	17.5	5.9	30.4	35.9
Brandon Jennings	NYK	58	PointGuard	17.8	5.7	28.6	38
Brandon Jennings	WAS	23	PointGuard	16.2	6.6	37.2	27.400000000000002
Jonas Jerebko	BOS	78	PowerForward	12.3	12.3	8.1	43.5
Amir Johnson	BOS	80	PowerForward	15.7	12.6	13	57.599999999999994
Brice Johnson	LAC	3	PowerForward	12.5	18.6	18.6	28.599999999999998
James Johnson	MIA	76	PowerForward	16.5	9.9	20.9	47.9
Joe Johnson	UTA	78	SmallForward	9.5	7.6	12.6	43.6
Stanley Johnson	DET	77	SmallForward	15.5	7.5	10.5	35.3
Tyler Johnson	MIA	73	PointGuard	8.8	7.4	16.6	43.3
Wesley Johnson	LAC	68	SmallForward	8	12.5	3.9	36.5
Nikola Jokic	DEN	73	Center	15.2	19.5	28.8	57.8
Dahntay Jones	CLE	1	SmallForward	9.3	9.2	14.5	37.5
Damian Jones	GSW	10	Center	22.7	14.8	0	50
Derrick Jones	PHO	32	SmallForward	8.6	7.9	3.1	56.2
James Jones	CLE	48	SmallForward	9	5.5	5.2	47.8
Terrence Jones	TOT	54	PowerForward	7.8	12.7	7.3	47
Terrence Jones	NOP	51	PowerForward	7.9	12.6	7.4	47.3
Terrence Jones	MIL	3	PowerForward	0	29.1	0	0
Tyus Jones	MIN	60	PointGuard	16	5	28	41.4
DeAndre Jordan	LAC	81	Center	13.2	24.2	5.7	71.39999999999999
Cory Joseph	TOR	80	ShootingGuard	13.1	6.6	20	45.2
Frank Kaminsky	CHO	75	Center	8	9.5	13.5	39.900000000000006
Enes Kanter	OKC	72	Center	12.5	17.4	7.9	54.50000000000001
Ryan Kelly	ATL	16	PowerForward	11.5	9	10.2	28.599999999999998
Michael Kidd-Gilchrist	CHO	81	SmallForward	7.4	13.2	7.4	47.699999999999996
Sean Kilpatrick	BRK	70	ShootingGuard	13.9	8.4	14.6	41.5
Brandon Knight	PHO	54	ShootingGuard	13.1	5.6	17.8	39.800000000000004
Kyle Korver	TOT	67	ShootingGuard	11.5	5.9	9.4	46.400000000000006
Kyle Korver	ATL	32	ShootingGuard	13.4	5.5	12.6	43.9
Kyle Korver	CLE	35	ShootingGuard	9.5	6.2	6.1	48.699999999999996
Kosta Koufos	SAC	71	Center	12.7	16.4	5.3	55.1
Mindaugas Kuzminskas	NYK	68	SmallForward	11.3	6.7	10.3	42.8
Skal Labissiere	SAC	33	PowerForward	12.9	15.3	7.5	53.7
Jeremy Lamb	CHO	62	ShootingGuard	6.8	12.7	11.3	46
Nicolas Laprovittola	SAS	18	PointGuard	27.2	3.3	23	42.6
Joffrey Lauvergne	TOT	70	PowerForward_Center	13.2	14.1	10.8	44
Joffrey Lauvergne	OKC	50	PowerForward	12.9	13.7	10.3	45.5
Joffrey Lauvergne	CHI	20	Center	14	15.2	12.2	40.2
Zach LaVine	MIN	47	ShootingGuard	9.9	5.3	12.6	45.9
Ty Lawson	SAC	69	PointGuard	17.3	6	30	45.4
Jake Layman	POR	35	SmallForward	10.2	5.3	6.2	29.2
Courtney Lee	NYK	77	ShootingGuard	8.5	5.7	10.6	45.6
David Lee	SAS	79	PowerForward	14.9	16.9	13	59
Alex Len	PHO	77	Center	15.5	17.8	4.2	49.7
Kawhi Leonard	SAS	74	SmallForward	9.1	9.8	18.9	48.5
Meyers Leonard	POR	74	PowerForward	8.1	10.7	8.4	38.6
Jon Leuer	DET	75	PowerForward	8.7	11.3	8.6	48
Caris LeVert	BRK	57	SmallForward	12.3	8	13.7	45
DeAndre Liggins	TOT	62	ShootingGuard	20.8	7.7	9.2	38.7
DeAndre Liggins	CLE	61	ShootingGuard	21.6	7.4	9.5	38.2
DeAndre Liggins	DAL	1	ShootingGuard	0	16.3	0	50
Damian Lillard	POR	75	PointGuard	10.2	7.6	28.7	44.4
Jeremy Lin	BRK	36	PointGuard	15.7	8.1	35.5	43.8
Shaun Livingston	GSW	76	PointGuard	15.1	6.2	13.5	54.7
Shawn Long	PHI	18	Center	9.5	20	10.7	56.00000000000001
Kevon Looney	GSW	53	Center	12.2	15.2	8.5	52.300000000000004
Brook Lopez	BRK	75	Center	12.1	9.6	14.8	47.4
Robin Lopez	CHI	81	Center	9.9	12.3	5.6	49.3
Kevin Love	CLE	60	PowerForward	10.9	19.5	9.8	42.699999999999996
Kyle Lowry	TOR	60	PointGuard	13.8	7.3	29.9	46.400000000000006
John Lucas	MIN	5	PointGuard	0	0	12.5	25
Timothe Luwawu-Cabarrot	PHI	69	SmallForward	15	6.9	9.6	40.2
Trey Lyles	UTA	71	PowerForward	11.9	11.7	9.6	36.199999999999996
Shelvin Mack	UTA	55	PointGuard	17.8	6.1	20.4	44.6
Ian Mahinmi	WAS	31	Center	19.1	15.2	4.7	58.599999999999994
Thon Maker	MIL	57	Center	7.7	11.8	6.2	45.9
Boban Marjanovic	DET	35	Center	6	24.2	5.3	54.50000000000001
Jarell Martin	MEM	42	PowerForward	13.9	16.6	2.2	38.4
Wesley Matthews	DAL	73	ShootingGuard	9.9	6	13.6	39.300000000000004
Luc Mbah	LAC	80	SmallForward	10.1	5.4	3.1	50.5
James Michael	GSW	52	PowerForward	12.3	10.8	4.9	53
Patrick McCaw	GSW	71	ShootingGuard	12.1	5.2	9	43.3
Sheldon McClellan	WAS	30	ShootingGuard	5.4	6.7	7	40
C.J. McCollum	POR	80	ShootingGuard	9.9	5.8	18	48
T.J. McConnell	PHI	81	PointGuard	22.4	6.5	37.5	46.1
Chris McCullough	TOT	16	PowerForward	8.1	12.7	4.4	50
Chris McCullough	BRK	14	PowerForward	5.8	12.5	4.9	51.6
Chris McCullough	WAS	2	PowerForward	34.7	14.1	0	0
K.J. McDaniels	TOT	49	SmallForward	13.5	8.7	4	45.6
K.J. McDaniels	HOU	29	SmallForward	12.1	7.7	2.7	45.6
K.J. McDaniels	BRK	20	SmallForward	14.4	9.4	4.9	45.5
Doug McDermott	TOT	66	SmallForward	6.6	6.4	5.9	44.7
Doug McDermott	CHI	44	SmallForward	7.4	6.5	6.5	44.5
Doug McDermott	OKC	22	SmallForward	4.4	6.3	4.4	45.2
JaVale McGee	GSW	77	Center	9.8	18.1	3.8	65.2
Rodney McGruder	MIA	78	ShootingGuard	10.2	7.2	8.8	41.3
Ben McLemore	SAC	61	ShootingGuard	11.9	6.4	6.9	43
Jordan McRae	CLE	37	ShootingGuard	7.8	5.7	7.4	38.7
Josh McRoberts	MIA	22	PowerForward	15.9	10.7	18.9	37.3
Jodie Meeks	ORL	36	ShootingGuard	11.1	5.7	9.3	40.2
Salah Mejri	DAL	73	Center	19.6	19.8	2.4	64.2
Jordan Mickey	BOS	25	PowerForward	18.3	13.4	7.1	44.1
Khris Middleton	MIL	29	SmallForward	14.8	8.1	17.5	45
C.J. Miles	IND	76	SmallForward	5.5	7.2	4.1	43.4
Mike Miller	DEN	20	SmallForward	35.2	14.3	18.3	39.1
Patty Mills	SAS	80	PointGuard	13.3	4.6	24.3	43.9
Elijah Millsap	PHO	2	ShootingGuard	20.2	14.2	5.6	14.299999999999999
Paul Millsap	ATL	69	PowerForward	12.1	12.5	17.9	44.2
Nikola Mirotic	CHI	70	PowerForward	10.4	12.3	6.9	41.3
Greg Monroe	MIL	81	Center	14.4	17	17.3	53.300000000000004
E'Twaun Moore	NOP	73	ShootingGuard	8.7	4.4	13.8	45.7
Marcus Morris	DET	79	SmallForward	7.4	7.8	9.4	41.8
Markieff Morris	WAS	76	PowerForward	11.6	11.7	7.8	45.7
Anthony Morrow	TOT	49	ShootingGuard	2.2	2.4	5.2	38.9
Anthony Morrow	OKC	40	ShootingGuard	2.5	2.6	4.5	38.6
Anthony Morrow	CHI	9	ShootingGuard	0	1.2	10.4	41.4
Donatas Motiejunas	NOP	34	PowerForward	16.3	11.1	10.3	41.3
Timofey Mozgov	LAL	54	Center	16.6	13.1	5.9	51.5
Emmanuel Mudiay	DEN	55	PointGuard	16.5	7	21.8	37.7
Shabazz Muhammad	MIN	78	SmallForward	7.6	8.5	3.7	48.199999999999996
Dejounte Murray	SAS	38	PointGuard	22.7	7.4	22.6	43.1
Jamal Murray	DEN	82	ShootingGuard	12.6	6.7	14	40.400000000000006
Mike Muscala	ATL	70	Center	13.1	10.7	11.9	50.4
Larry Nance	LAL	63	PowerForward	12.4	14	9.7	52.6
Shabazz Napier	POR	53	PointGuard	16.7	6.6	19.5	39.900000000000006
Maurice Ndour	NYK	32	PowerForward	11	10.4	3.5	45.300000000000004
Gary Neal	ATL	2	ShootingGuard	0	3.1	7.1	0
Jameer Nelson	DEN	75	PointGuard	17	5.2	26	44.4
Raul Neto	UTA	40	PointGuard	13.6	5	15.1	45.1
Georges Niang	IND	23	PowerForward	11.9	10.3	7.5	25
Andrew Nicholson	TOT	38	PowerForward	12.7	9.8	4.1	38.7
Andrew Nicholson	WAS	28	PowerForward	11.8	8.3	4.2	39
Andrew Nicholson	BRK	10	PowerForward	14.7	12.9	4	38.2
Joakim Noah	NYK	46	Center	19.8	21.3	14.1	49.3
Nerlens Noel	TOT	51	Center	12.5	15.9	8.1	59.5
Nerlens Noel	PHI	29	Center	12.5	14.1	9	61.1
Nerlens Noel	DAL	22	Center	12.4	18	7	57.49999999999999
Lucas Nogueira	TOR	57	Center	19.9	12.6	5.4	66
Steve Novak	MIL	8	PowerForward	0	7.9	0	28.599999999999998
Dirk Nowitzki	DAL	54	PowerForward	6.6	14.4	10.6	43.7
Jusuf Nurkic	TOT	65	Center	18.6	18.6	13.9	50.7
Jusuf Nurkic	DEN	45	Center	18.9	17.8	11.1	50.7
Jusuf Nurkic	POR	20	Center	18.2	19.7	17.7	50.8
David Nwaba	LAL	20	ShootingGuard	10.1	8.5	5	57.99999999999999
Johnny O'Bryant	TOT	11	PowerForward	15.5	13.1	12.7	50
Johnny O'Bryant	DEN	7	PowerForward	15.2	13.2	6.2	46.7
Johnny O'Bryant	CHO	4	PowerForward	15.9	12.9	21.6	53.300000000000004
Kyle O'Quinn	NYK	79	Center	14.5	19.2	14.8	52.1
Daniel Ochefu	WAS	19	Center	9.7	16.5	5.8	44.4
Jahlil Okafor	PHI	50	Center	14.4	11.7	9	51.4
Victor Oladipo	OKC	67	ShootingGuard	10.6	7.2	12.5	44.2
Kelly Olynyk	BOS	75	Center	14.6	13	15.2	51.2
Arinze Onuaku	ORL	8	Center	33.3	11.7	9.9	50
Chinanu Onuaku	HOU	5	Center	31.3	10.5	7.8	71.39999999999999
Kelly Oubre	WAS	79	SmallForward	9.2	9.1	4	42.1
Zaza Pachulia	GSW	70	Center	19.5	17.7	13.6	53.400000000000006
Georgios Papagiannis	SAC	22	Center	18.2	14	9	54.900000000000006
Jabari Parker	MIL	51	PowerForward	9.2	10.6	14.3	49
Tony Parker	SAS	63	PointGuard	12.5	4	27.8	46.6
Chandler Parsons	MEM	34	SmallForward	9.1	7.1	12.8	33.800000000000004
Lamar Patterson	ATL	5	ShootingGuard	19.7	9.6	21.1	20
Patrick Patterson	TOR	65	PowerForward	8.5	10.3	6.6	40.1
Chris Paul	LAC	61	PointGuard	14	8.8	46.8	47.599999999999994
Adreian Payne	MIN	18	PowerForward	11.4	14.3	8	42.6
Cameron Payne	TOT	31	PointGuard	12.9	5.7	17.7	33.2
Cameron Payne	OKC	20	PointGuard	10.8	5.4	18.3	33.1
Cameron Payne	CHI	11	PointGuard	16.7	6.5	16.2	33.300000000000004
Elfrid Payton	ORL	82	PointGuard	15	8.7	35.7	47.099999999999994
Gary Payton	MIL	6	PointGuard	29.2	7.1	18.1	36.4
Paul Pierce	LAC	25	SmallForward	17.4	9.7	5	40
Marshall Plumlee	NYK	21	Center	23.8	16.2	8.1	53.300000000000004
Mason Plumlee	TOT	81	Center	15.2	15.6	19.8	53.6
Mason Plumlee	POR	54	Center	14.1	15.8	21.4	53.2
Mason Plumlee	DEN	27	Center	17.7	15.1	15.9	54.7
Miles Plumlee	TOT	45	Center	21.6	11.1	6.1	47.8
Miles Plumlee	MIL	32	Center	20.9	10	8.2	44.1
Miles Plumlee	CHO	13	Center	23.7	13.3	2.5	58.3
Jakob Poeltl	TOR	54	Center	17.2	14.9	2.7	58.3
Otto Porter	WAS	80	SmallForward	4.8	11.1	6.7	51.6
Bobby Portis	CHI	64	PowerForward	8.4	16	5.7	48.8
Kristaps Porzingis	NYK	66	PowerForward	9.7	11.8	7.3	45
Dwight Powell	DAL	77	Center	7.2	13.3	6.1	51.5
Norman Powell	TOR	76	ShootingGuard	10.8	6.9	9.3	44.9
Alex Poythress	PHI	6	PowerForward	4.9	10.2	5.1	46.300000000000004
Ronnie Price	PHO	14	PointGuard	10.4	4.5	16.9	16.7
Tim Quarterman	POR	16	ShootingGuard	26.6	9.7	21.1	44.800000000000004
Chasson Randle	TOT	26	PointGuard	14	5.8	16.8	40.8
Chasson Randle	PHI	8	PointGuard	8.8	3.7	13.2	46.2
Chasson Randle	NYK	18	PointGuard	15.7	6.5	18	38.9
Julius Randle	LAL	74	PowerForward	16.2	16.3	19.3	48.8
Zach Randolph	MEM	73	PowerForward	8.6	19.1	13.5	44.9
J.J. Redick	LAC	78	ShootingGuard	9.1	4.3	7.8	44.5
Willie Reed	MIA	71	Center	8.7	17.8	3.9	56.8
Josh Richardson	MIA	53	ShootingGuard	10.6	5.8	12.7	39.4
Malachi Richardson	SAC	22	ShootingGuard	9.5	6.7	8.7	41.199999999999996
Austin Rivers	LAC	74	ShootingGuard	12.4	4.4	15	44.2
Andre Roberson	OKC	79	SmallForward	9.1	9.4	4.6	46.400000000000006
Brian Roberts	CHO	41	PointGuard	15.7	5.2	18.7	37.7
Glenn Robinson	IND	69	SmallForward	9.1	9.6	4.7	46.7
Thomas Robinson	LAL	48	PowerForward	17	21.8	8.8	53.6
Sergio Rodriguez	PHI	68	PointGuard	18.9	5.7	35.4	39.2
Rajon Rondo	CHI	69	PointGuard	22.4	10.4	37	40.8
Derrick Rose	NYK	64	PointGuard	11.9	6.4	22.8	47.099999999999994
Terrence Ross	TOT	78	SmallForward	8	5.9	7.1	43.7
Terrence Ross	TOR	54	SmallForward	6.2	6.5	5.9	44.1
Terrence Ross	ORL	24	SmallForward	11.2	4.9	9	43.1
Terry Rozier	BOS	74	PointGuard	9.7	10	15.2	36.7
Ricky Rubio	MIN	75	PointGuard	20.1	7.2	38.9	40.2
Damjan Rudez	ORL	45	SmallForward	9.3	4.3	9.2	35.199999999999996
Brandon Rush	MIN	47	ShootingGuard	12.6	5.6	5.8	37.4
D'Angelo Russell	LAL	63	PointGuard	15.6	6.7	26.8	40.5
Domantas Sabonis	OKC	81	PowerForward	14	9.7	7.2	39.900000000000006
Larry Sanders	CLE	5	Center	29.1	17	0	25
Dario Saric	PHI	81	PowerForward	15.2	13.3	14.3	41.099999999999994
Tomas Satoransky	WAS	57	ShootingGuard	19.1	6.5	16.7	41.8
Dennis Schroder	ATL	79	PointGuard	16.3	5.5	35.5	45.1
Luis Scola	BRK	36	PowerForward	16.9	16	12.7	47
Mike Scott	ATL	18	PowerForward	11.3	10.4	12.5	28.799999999999997
Thabo Sefolosha	ATL	62	SmallForward	11.9	9.3	9.9	44.1
Wayne Selden	TOT	14	ShootingGuard	15.1	3.8	8.5	43.1
Wayne Selden	NOP	3	ShootingGuard	23.5	5.6	3	62.5
Wayne Selden	MEM	11	ShootingGuard	13.4	3.3	9.9	40
Kevin Seraphin	IND	49	PowerForward	12.3	14.3	6.7	55.1
Ramon Sessions	CHO	50	PointGuard	12.7	4.9	24.2	38
Iman Shumpert	CLE	76	ShootingGuard	12.9	6.2	7.8	41.099999999999994
Pascal Siakam	TOR	55	PowerForward	13.1	12.2	2.9	50.2
Jonathon Simmons	SAS	78	ShootingGuard	13.7	6.5	13.2	42
Kyle Singler	OKC	32	SmallForward	10.8	6.9	3.2	41
Marcus Smart	BOS	79	ShootingGuard	15.6	7.1	22	35.9
Ish Smith	DET	81	PointGuard	12.4	6.6	32.5	43.9
J.R. Smith	CLE	41	ShootingGuard	6.7	5.2	7.3	34.599999999999994
Jason Smith	WAS	74	Center	14.2	13.6	5	52.900000000000006
Tony Snell	MIL	80	ShootingGuard	8.8	6.2	5.9	45.5
Marreese Speights	LAC	82	Center	10.2	16.2	8.1	44.5
Tiago Splitter	PHI	8	Center	14.3	15.9	8.9	45.2
Nik Stauskas	PHI	80	ShootingGuard	15.5	5.7	12.9	39.6
Lance Stephenson	TOT	18	ShootingGuard	17.1	8	24.8	45
Lance Stephenson	NOP	6	ShootingGuard	15.8	5.9	27.7	47.3
Lance Stephenson	MIN	6	ShootingGuard	15.5	8.7	11.2	47.599999999999994
Lance Stephenson	IND	6	ShootingGuard	19.5	10.2	28.1	40.9
Jarnell Stokes	DEN	2	Center	0	15.8	40.1	100
Diamond Stone	LAC	7	Center	11.9	14	0	23.1
Rodney Stuckey	IND	39	PointGuard	15.4	6.8	17.7	37.3
Jared Sullinger	TOR	11	PowerForward	7.2	12.9	3.7	31.3
Edy Tavares	TOT	2	Center	24	21.6	5.1	80
Edy Tavares	ATL	1	Center	0	13.7	0	100
Edy Tavares	CLE	1	Center	31.1	23	6	75
Isaiah Taylor	HOU	4	PointGuard	0	3.1	7.1	14.299999999999999
Jeff Teague	IND	82	PointGuard	16.5	7	36.4	44.2
Mirza Teletovic	MIL	70	PowerForward	7.8	8.3	6.4	37.3
Garrett Temple	SAC	65	ShootingGuard	14.4	6.1	14.5	42.4
Jason Terry	MIL	74	ShootingGuard	12.3	4.5	9.9	43.2
Isaiah Thomas	BOS	76	PointGuard	10.7	4.4	32.6	46.300000000000004
Lance Thomas	NYK	46	PowerForward	8.6	7.9	5	39.800000000000004
Hollis Thompson	TOT	40	ShootingGuard	4.9	8	6.8	38.5
Hollis Thompson	PHI	31	ShootingGuard	5.1	8.1	7	41.5
Hollis Thompson	NOP	9	ShootingGuard	4.3	7.7	6.3	26.8
Klay Thompson	GSW	78	ShootingGuard	8	5.9	9.3	46.800000000000004
Tristan Thompson	CLE	78	Center	10.8	16.9	4.6	60
Marcus Thornton	WAS	33	ShootingGuard	10.1	7.5	10.1	40
Mike Tobey	CHO	2	Center	20	6.6	5.4	25
Anthony Tolliver	SAC	65	PowerForward	12.6	9.3	7.7	44.2
Axel Toupane	TOT	4	SmallForward	0	1.1	0	55.60000000000001
Axel Toupane	MIL	2	SmallForward	0	0	0	0
Axel Toupane	NOP	2	SmallForward	0	1.3	0	62.5
Karl-Anthony Towns	MIN	82	Center	11.3	19.4	13.2	54.2
P.J. Tucker	TOT	81	SmallForward	11.2	11.6	6	41.3
P.J. Tucker	PHO	57	SmallForward	11.8	11.5	6.1	41.5
P.J. Tucker	TOR	24	SmallForward	9.4	12	5.9	40.6
Evan Turner	POR	65	SmallForward	14.3	8.3	18.4	42.6
Myles Turner	IND	81	Center	9.5	13	6.6	51.1
Beno Udrih	DET	39	PointGuard	14.9	5.6	35.4	46.7
Tyler Ulis	PHO	61	PointGuard	14.1	4.6	30.5	42.1
Jarrod Uthoff	DAL	9	PowerForward	6.8	11.1	12.8	42.1
Jonas Valanciunas	TOR	80	Center	11.7	20.8	4.4	55.7
Denzel Valentine	CHI	57	ShootingGuard	14.2	8.3	9.3	35.4
Fred VanVleet	TOR	37	PointGuard	11.1	8.1	17.5	35.099999999999994
Anderson Varejao	GSW	14	Center	29.8	16.1	13	35.699999999999996
Greivis Vasquez	BRK	3	PointGuard	9.7	2.7	17.5	25
Rashad Vaughn	MIL	41	ShootingGuard	8.1	6.2	7.4	36.5
Noah Vonleh	POR	74	PowerForward	17.1	17	3.4	48.1
Nikola Vucevic	ORL	75	Center	9.6	19.6	16.9	46.800000000000004
Sasha Vujacic	NYK	42	ShootingGuard	9.8	7.8	17.9	30.9
Dwyane Wade	CHI	60	ShootingGuard	11.3	8.2	22.4	43.4
Dion Waiters	MIA	46	ShootingGuard	12.5	6.2	23.8	42.4
Kemba Walker	CHO	79	PointGuard	9.5	6.2	29.1	44.4
John Wall	WAS	78	PointGuard	16.2	6.5	46.9	45.1
Taurean Waller-Prince	ATL	59	SmallForward	15.7	8.8	8.4	40
T.J. Warren	PHO	66	SmallForward	6.1	9	5.8	49.5
C.J. Watson	ORL	62	PointGuard	14.5	4.8	16.1	38.7
Briante Weber	TOT	20	PointGuard	10.7	7	15	41.699999999999996
Briante Weber	GSW	7	PointGuard	16.4	4.8	13.9	35.699999999999996
Briante Weber	CHO	13	PointGuard	8.8	7.6	15.4	43.5
David West	GSW	68	Center	22	13	24.1	53.6
Russell Westbrook	OKC	81	PointGuard	15.9	17.1	57.3	42.5
Okaro White	MIA	35	PowerForward	15.7	9.6	6	37.9
Isaiah Whitehead	BRK	73	PointGuard	20.3	5.9	17.7	40.2
Hassan Whiteside	MIA	77	Center	12	24	3.8	55.7
Andrew Wiggins	MIN	82	SmallForward	9.4	6.3	10.6	45.2
C.J. Wilcox	ORL	22	ShootingGuard	15.8	6	15.5	25.8
Alan Williams	PHO	47	Center	10.5	22.4	5.2	51.7
Deron Williams	TOT	64	PointGuard	17.6	5.1	35.9	43.8
Deron Williams	DAL	40	PointGuard	16.7	5.1	40.1	43
Deron Williams	CLE	24	PointGuard	20.2	5.1	25.9	46.300000000000004
Derrick Williams	TOT	50	PowerForward	9	8.9	5.1	44.3
Derrick Williams	MIA	25	PowerForward	8.1	10.7	5.6	39.4
Derrick Williams	CLE	25	PowerForward	10.1	7.4	4.7	50.5
Lou Williams	TOT	81	ShootingGuard	11.8	5.5	19.9	42.9
Lou Williams	LAL	58	ShootingGuard	11.9	5.1	22.3	44.4
Lou Williams	HOU	23	ShootingGuard	11.3	6.5	14.3	38.6
Marvin Williams	CHO	76	PowerForward	7.2	11.9	7.1	42.199999999999996
Reggie Williams	NOP	6	SmallForward	0	4	7.2	34.8
Troy Williams	TOT	30	SmallForward	15.4	7	7	43.7
Troy Williams	MEM	24	SmallForward	16.8	6.2	7.2	41.5
Troy Williams	HOU	6	SmallForward	11.3	9.4	6.4	50
Kyle Wiltjer	HOU	14	PowerForward	25.2	12.4	6.1	28.599999999999998
Justise Winslow	MIA	18	SmallForward	11.8	8.3	15.5	35.6
Jeff Withey	UTA	51	Center	10.1	16.2	2.5	53.400000000000006
Christian Wood	CHO	13	PowerForward	19.1	14.9	2.8	52.2
Metta World	LAL	25	SmallForward	8.5	6.8	9.8	27.900000000000002
Brandan Wright	MEM	28	PowerForward	6.2	10	6	61.5
Delon Wright	TOR	27	PointGuard	15.1	6.1	18.2	42.199999999999996
James Young	BOS	29	ShootingGuard	6.1	6.6	2.6	43.1
Joe Young	IND	33	PointGuard	6	7.1	18	36.1
Nick Young	LAL	60	ShootingGuard	5.1	4.8	5.8	43
Thaddeus Young	IND	74	PowerForward	11.7	11.3	8.4	52.7
Cody Zeller	CHO	62	PowerForward	10.9	12.9	9.1	57.099999999999994
Tyler Zeller	BOS	51	Center	10.2	13.2	12.2	49.4
Stephen Zimmerman	ORL	19	Center	8.3	17.6	5.3	32.300000000000004
Paul Zipser	CHI	44	SmallForward	14.4	8	6.1	39.800000000000004
Ivica Zubac	LAL	38	Center	10.4	14.3	8.1	52.900000000000006
